# customerNumber,customerName,contactLastName,contactFirstName,phone,addressLine1,addressLine2,city,state,postalCode,country,salesRepEmployeeNumber,creditLimit,customerNumber,checkNumber,paymentDate,amount,employeeNumber,lastName,firstName,extension,email,officeCode,reportsTo,jobTitle
103,Atelier graphique,Schmitt,Carine ,40.32.2555,"54, rue Royale",,Nantes,,44000,France,1370,21000,103,HQ336336,02/05/2021,6066.78,1370,Hernandez,Gerard,x2028,ghernande@classicmodelcars.com,4,1102,Sales Rep
103,Atelier graphique,Schmitt,Carine ,40.32.2555,"54, rue Royale",,Nantes,,44000,France,1370,21000,103,JM555205,17/12/2019,14571.44,1370,Hernandez,Gerard,x2028,ghernande@classicmodelcars.com,4,1102,Sales Rep
103,Atelier graphique,Schmitt,Carine ,40.32.2555,"54, rue Royale",,Nantes,,44000,France,1370,21000,103,OM314933,01/07/2021,1676.14,1370,Hernandez,Gerard,x2028,ghernande@classicmodelcars.com,4,1102,Sales Rep
112,Signal Gift Stores,King,Jean,7025551838,8489 Strong St.,,Las Vegas,NV,83030,USA,1166,71800,112,BO864823,30/06/2021,14191.12,1166,Thompson,Leslie,x4065,lthompson@classicmodelcars.com,1,1143,Sales Rep
112,Signal Gift Stores,King,Jean,7025551838,8489 Strong St.,,Las Vegas,NV,83030,USA,1166,71800,112,HQ55022,18/12/2019,32641.98,1166,Thompson,Leslie,x4065,lthompson@classicmodelcars.com,1,1143,Sales Rep
112,Signal Gift Stores,King,Jean,7025551838,8489 Strong St.,,Las Vegas,NV,83030,USA,1166,71800,112,ND748579,03/03/2021,33347.88,1166,Thompson,Leslie,x4065,lthompson@classicmodelcars.com,1,1143,Sales Rep
114,"Australian Collectors, Co.",Ferguson,Peter,03 9520 4555,636 St Kilda Road,Level 3,Melbourne,Victoria,3004,Australia,1611,117300,114,GG31455,01/12/2019,45864.03,1611,Fixter,Andy,x101,afixter@classicmodelcars.com,6,1088,Sales Rep
114,"Australian Collectors, Co.",Ferguson,Peter,03 9520 4555,636 St Kilda Road,Level 3,Melbourne,Victoria,3004,Australia,1611,117300,114,MA765515,28/06/2021,82261.22,1611,Fixter,Andy,x101,afixter@classicmodelcars.com,6,1088,Sales Rep
114,"Australian Collectors, Co.",Ferguson,Peter,03 9520 4555,636 St Kilda Road,Level 3,Melbourne,Victoria,3004,Australia,1611,117300,114,NP603840,12/12/2019,7565.08,1611,Fixter,Andy,x101,afixter@classicmodelcars.com,6,1088,Sales Rep
114,"Australian Collectors, Co.",Ferguson,Peter,03 9520 4555,636 St Kilda Road,Level 3,Melbourne,Victoria,3004,Australia,1611,117300,114,NR27552,21/09/2020,44894.74,1611,Fixter,Andy,x101,afixter@classicmodelcars.com,6,1088,Sales Rep
119,La Rochelle Gifts,Labrune,Janine ,40.67.8555,"67, rue des Cinquante Otages",,Nantes,,44000,France,1370,118200,119,DB933704,28/05/2021,19501.82,1370,Hernandez,Gerard,x2028,ghernande@classicmodelcars.com,4,1102,Sales Rep
119,La Rochelle Gifts,Labrune,Janine ,40.67.8555,"67, rue des Cinquante Otages",,Nantes,,44000,France,1370,118200,119,LN373447,19/02/2021,47924.19,1370,Hernandez,Gerard,x2028,ghernande@classicmodelcars.com,4,1102,Sales Rep
119,La Rochelle Gifts,Labrune,Janine ,40.67.8555,"67, rue des Cinquante Otages",,Nantes,,44000,France,1370,118200,119,NG94694,05/09/2021,49523.67,1370,Hernandez,Gerard,x2028,ghernande@classicmodelcars.com,4,1102,Sales Rep
121,Baane Mini Imports,Bergulfsen,Jonas ,07-98 9555,Erling Skakkes gate 78,,Stavern,,4110,Norway,1504,81700,121,DB889831,30/08/2019,50218.95,1504,Jones,Barry,x102,bjones@classicmodelcars.com,7,1102,Sales Rep
121,Baane Mini Imports,Bergulfsen,Jonas ,07-98 9555,Erling Skakkes gate 78,,Stavern,,4110,Norway,1504,81700,121,FD317790,10/05/2020,1491.38,1504,Jones,Barry,x102,bjones@classicmodelcars.com,7,1102,Sales Rep
121,Baane Mini Imports,Bergulfsen,Jonas ,07-98 9555,Erling Skakkes gate 78,,Stavern,,4110,Norway,1504,81700,121,KI831359,18/05/2021,17876.32,1504,Jones,Barry,x102,bjones@classicmodelcars.com,7,1102,Sales Rep
121,Baane Mini Imports,Bergulfsen,Jonas ,07-98 9555,Erling Skakkes gate 78,,Stavern,,4110,Norway,1504,81700,121,MA302151,11/06/2021,34638.14,1504,Jones,Barry,x102,bjones@classicmodelcars.com,7,1102,Sales Rep
124,Mini Gifts Distributors Ltd.,Nelson,Susan,4155551450,5677 Strong St.,,San Rafael,CA,97562,USA,1165,210500,124,BG255406,11/03/2021,85410.87,1165,Jennings,Leslie,x3291,ljennings@classicmodelcars.com,1,1143,Sales Rep
124,Mini Gifts Distributors Ltd.,Nelson,Susan,4155551450,5677 Strong St.,,San Rafael,CA,97562,USA,1165,210500,124,CQ287967,23/10/2019,11044.3,1165,Jennings,Leslie,x3291,ljennings@classicmodelcars.com,1,1143,Sales Rep
124,Mini Gifts Distributors Ltd.,Nelson,Susan,4155551450,5677 Strong St.,,San Rafael,CA,97562,USA,1165,210500,124,HI366474,10/07/2021,47142.7,1165,Jennings,Leslie,x3291,ljennings@classicmodelcars.com,1,1143,Sales Rep
124,Mini Gifts Distributors Ltd.,Nelson,Susan,4155551450,5677 Strong St.,,San Rafael,CA,97562,USA,1165,210500,124,HR86578,16/05/2021,55639.66,1165,Jennings,Leslie,x3291,ljennings@classicmodelcars.com,1,1143,Sales Rep
124,Mini Gifts Distributors Ltd.,Nelson,Susan,4155551450,5677 Strong St.,,San Rafael,CA,97562,USA,1165,210500,124,KI131716,26/02/2020,111654.4,1165,Jennings,Leslie,x3291,ljennings@classicmodelcars.com,1,1143,Sales Rep
124,Mini Gifts Distributors Ltd.,Nelson,Susan,4155551450,5677 Strong St.,,San Rafael,CA,97562,USA,1165,210500,124,LF217299,07/10/2020,43369.3,1165,Jennings,Leslie,x3291,ljennings@classicmodelcars.com,1,1143,Sales Rep
124,Mini Gifts Distributors Ltd.,Nelson,Susan,4155551450,5677 Strong St.,,San Rafael,CA,97562,USA,1165,210500,124,NT141748,07/06/2020,45084.38,1165,Jennings,Leslie,x3291,ljennings@classicmodelcars.com,1,1143,Sales Rep
128,"Blauer See Auto, Co.",Keitel,Roland,+49 69 66 90 2555,Lyonerstr. 34,,Frankfurt,,60528,Germany,1504,59700,128,DI925118,11/08/2019,10549.01,1504,Jones,Barry,x102,bjones@classicmodelcars.com,7,1102,Sales Rep
128,"Blauer See Auto, Co.",Keitel,Roland,+49 69 66 90 2555,Lyonerstr. 34,,Frankfurt,,60528,Germany,1504,59700,128,FA465482,30/04/2020,24101.81,1504,Jones,Barry,x102,bjones@classicmodelcars.com,7,1102,Sales Rep
128,"Blauer See Auto, Co.",Keitel,Roland,+49 69 66 90 2555,Lyonerstr. 34,,Frankfurt,,60528,Germany,1504,59700,128,FH668230,05/10/2020,33820.62,1504,Jones,Barry,x102,bjones@classicmodelcars.com,7,1102,Sales Rep
128,"Blauer See Auto, Co.",Keitel,Roland,+49 69 66 90 2555,Lyonerstr. 34,,Frankfurt,,60528,Germany,1504,59700,128,IP383901,01/06/2021,7466.32,1504,Jones,Barry,x102,bjones@classicmodelcars.com,7,1102,Sales Rep
129,Mini Wheels Co.,Murphy,Julie,6505555787,5557 North Pendale Street,,San Francisco,CA,94217,USA,1165,64600,129,DM826140,21/06/2021,26248.78,1165,Jennings,Leslie,x3291,ljennings@classicmodelcars.com,1,1143,Sales Rep
129,Mini Wheels Co.,Murphy,Julie,6505555787,5557 North Pendale Street,,San Francisco,CA,94217,USA,1165,64600,129,ID449593,23/06/2020,23923.93,1165,Jennings,Leslie,x3291,ljennings@classicmodelcars.com,1,1143,Sales Rep
129,Mini Wheels Co.,Murphy,Julie,6505555787,5557 North Pendale Street,,San Francisco,CA,94217,USA,1165,64600,129,PI42991,21/10/2019,16537.85,1165,Jennings,Leslie,x3291,ljennings@classicmodelcars.com,1,1143,Sales Rep
131,Land of Toys Inc.,Lee,Kwai,2125557818,897 Long Airport Avenue,,NYC,NY,10022,USA,1323,114900,131,CL442705,23/09/2019,22292.62,1323,Vanauf,George,x4102,gvanauf@classicmodelcars.com,3,1143,Sales Rep
131,Land of Toys Inc.,Lee,Kwai,2125557818,897 Long Airport Avenue,,NYC,NY,10022,USA,1323,114900,131,MA724562,15/06/2021,50025.35,1323,Vanauf,George,x4102,gvanauf@classicmodelcars.com,3,1143,Sales Rep
131,Land of Toys Inc.,Lee,Kwai,2125557818,897 Long Airport Avenue,,NYC,NY,10022,USA,1323,114900,131,NB445135,25/03/2021,35321.97,1323,Vanauf,George,x4102,gvanauf@classicmodelcars.com,3,1143,Sales Rep
141,Euro+ Shopping Channel,Freyre,Diego ,(91) 555 94 44,"C/ Moralzarzal, 86",,Madrid,,28034,Spain,1370,227600,141,AU364101,30/01/2020,36251.03,1370,Hernandez,Gerard,x2028,ghernande@classicmodelcars.com,4,1102,Sales Rep
141,Euro+ Shopping Channel,Freyre,Diego ,(91) 555 94 44,"C/ Moralzarzal, 86",,Madrid,,28034,Spain,1370,227600,141,DB583216,15/05/2021,36140.38,1370,Hernandez,Gerard,x2028,ghernande@classicmodelcars.com,4,1102,Sales Rep
141,Euro+ Shopping Channel,Freyre,Diego ,(91) 555 94 44,"C/ Moralzarzal, 86",,Madrid,,28034,Spain,1370,227600,141,HJ32686,12/08/2020,59830.55,1370,Hernandez,Gerard,x2028,ghernande@classicmodelcars.com,4,1102,Sales Rep
141,Euro+ Shopping Channel,Freyre,Diego ,(91) 555 94 44,"C/ Moralzarzal, 86",,Madrid,,28034,Spain,1370,227600,141,ID10962,14/07/2021,116208.4,1370,Hernandez,Gerard,x2028,ghernande@classicmodelcars.com,4,1102,Sales Rep
141,Euro+ Shopping Channel,Freyre,Diego ,(91) 555 94 44,"C/ Moralzarzal, 86",,Madrid,,28034,Spain,1370,227600,141,JN355280,08/05/2020,49539.37,1370,Hernandez,Gerard,x2028,ghernande@classicmodelcars.com,4,1102,Sales Rep
141,Euro+ Shopping Channel,Freyre,Diego ,(91) 555 94 44,"C/ Moralzarzal, 86",,Madrid,,28034,Spain,1370,227600,141,JN722010,08/09/2019,40206.2,1370,Hernandez,Gerard,x2028,ghernande@classicmodelcars.com,4,1102,Sales Rep
141,Euro+ Shopping Channel,Freyre,Diego ,(91) 555 94 44,"C/ Moralzarzal, 86",,Madrid,,28034,Spain,1370,227600,141,KT52578,21/06/2020,63843.55,1370,Hernandez,Gerard,x2028,ghernande@classicmodelcars.com,4,1102,Sales Rep
141,Euro+ Shopping Channel,Freyre,Diego ,(91) 555 94 44,"C/ Moralzarzal, 86",,Madrid,,28034,Spain,1370,227600,141,MC46946,20/01/2021,35420.74,1370,Hernandez,Gerard,x2028,ghernande@classicmodelcars.com,4,1102,Sales Rep
141,Euro+ Shopping Channel,Freyre,Diego ,(91) 555 94 44,"C/ Moralzarzal, 86",,Madrid,,28034,Spain,1370,227600,141,MF629602,27/02/2021,20009.53,1370,Hernandez,Gerard,x2028,ghernande@classicmodelcars.com,4,1102,Sales Rep
141,Euro+ Shopping Channel,Freyre,Diego ,(91) 555 94 44,"C/ Moralzarzal, 86",,Madrid,,28034,Spain,1370,227600,141,NU627706,28/11/2020,26155.91,1370,Hernandez,Gerard,x2028,ghernande@classicmodelcars.com,4,1102,Sales Rep
144,"Volvo Model Replicas, Co",Berglund,Christina ,0921-12 3555,Berguvsvägen  8,,Luleå,,S-958 22,Sweden,1504,53100,144,IR846303,25/06/2021,36005.71,1504,Jones,Barry,x102,bjones@classicmodelcars.com,7,1102,Sales Rep
144,"Volvo Model Replicas, Co",Berglund,Christina ,0921-12 3555,Berguvsvägen  8,,Luleå,,S-958 22,Sweden,1504,53100,144,LA685678,21/10/2019,7674.94,1504,Jones,Barry,x102,bjones@classicmodelcars.com,7,1102,Sales Rep
145,Danish Wholesale Imports,Petersen,Jytte ,31 12 3555,Vinbæltet 34,,Kobenhavn,,1734,Denmark,1401,83400,145,CN328545,14/01/2021,4710.73,1401,Castillo,Pamela,x2759,pcastillo@classicmodelcars.com,4,1102,Sales Rep
145,Danish Wholesale Imports,Petersen,Jytte ,31 12 3555,Vinbæltet 34,,Kobenhavn,,1734,Denmark,1401,83400,145,ED39322,07/11/2020,28211.7,1401,Castillo,Pamela,x2759,pcastillo@classicmodelcars.com,4,1102,Sales Rep
145,Danish Wholesale Imports,Petersen,Jytte ,31 12 3555,Vinbæltet 34,,Kobenhavn,,1734,Denmark,1401,83400,145,HR182688,14/06/2021,20564.86,1401,Castillo,Pamela,x2759,pcastillo@classicmodelcars.com,4,1102,Sales Rep
145,Danish Wholesale Imports,Petersen,Jytte ,31 12 3555,Vinbæltet 34,,Kobenhavn,,1734,Denmark,1401,83400,145,JJ246391,03/09/2019,53959.21,1401,Castillo,Pamela,x2759,pcastillo@classicmodelcars.com,4,1102,Sales Rep
146,"Saveley & Henriot, Co.",Saveley,Mary ,78.32.5555,"2, rue du Commerce",,Lyon,,69004,France,1337,123900,146,FP549817,29/09/2020,40978.53,1337,Bondur,Loui,x6493,lbondur@classicmodelcars.com,4,1102,Sales Rep
146,"Saveley & Henriot, Co.",Saveley,Mary ,78.32.5555,"2, rue du Commerce",,Lyon,,69004,France,1337,123900,146,FU793410,29/07/2020,49614.72,1337,Bondur,Loui,x6493,lbondur@classicmodelcars.com,4,1102,Sales Rep
146,"Saveley & Henriot, Co.",Saveley,Mary ,78.32.5555,"2, rue du Commerce",,Lyon,,69004,France,1337,123900,146,LJ160635,22/06/2020,39712.1,1337,Bondur,Loui,x6493,lbondur@classicmodelcars.com,4,1102,Sales Rep
148,"Dragon Souveniers, Ltd.",Natividad,Eric,+65 221 7555,Bronz Sok.,Bronz Apt. 3/6 Tesvikiye,Singapore,,79903,Singapore,1621,103800,148,BI507030,03/11/2019,44380.15,1621,Nishi,Mami,x101,mnishi@classicmodelcars.com,5,1056,Sales Rep
148,"Dragon Souveniers, Ltd.",Natividad,Eric,+65 221 7555,Bronz Sok.,Bronz Apt. 3/6 Tesvikiye,Singapore,,79903,Singapore,1621,103800,148,DD635282,22/02/2021,2611.84,1621,Nishi,Mami,x101,mnishi@classicmodelcars.com,5,1056,Sales Rep
148,"Dragon Souveniers, Ltd.",Natividad,Eric,+65 221 7555,Bronz Sok.,Bronz Apt. 3/6 Tesvikiye,Singapore,,79903,Singapore,1621,103800,148,KM172879,08/07/2020,105743,1621,Nishi,Mami,x101,mnishi@classicmodelcars.com,5,1056,Sales Rep
151,Muscle Machine Inc,Young,Jeff,2125557413,4092 Furth Circle,Suite 400,NYC,NY,10022,USA,1286,138500,151,BF686658,04/07/2020,58793.53,1286,Tseng,Foon Yue,x2248,ftseng@classicmodelcars.com,3,1143,Sales Rep
151,Muscle Machine Inc,Young,Jeff,2125557413,4092 Furth Circle,Suite 400,NYC,NY,10022,USA,1286,138500,151,GB852215,06/02/2021,20314.44,1286,Tseng,Foon Yue,x2248,ftseng@classicmodelcars.com,3,1143,Sales Rep
151,Muscle Machine Inc,Young,Jeff,2125557413,4092 Furth Circle,Suite 400,NYC,NY,10022,USA,1286,138500,151,IP568906,30/12/2019,58841.35,1286,Tseng,Foon Yue,x2248,ftseng@classicmodelcars.com,3,1143,Sales Rep
151,Muscle Machine Inc,Young,Jeff,2125557413,4092 Furth Circle,Suite 400,NYC,NY,10022,USA,1286,138500,151,KI884577,27/06/2021,39964.63,1286,Tseng,Foon Yue,x2248,ftseng@classicmodelcars.com,3,1143,Sales Rep
157,Diecast Classics Inc.,Leong,Kelvin,2155551555,7586 Pompton St.,,Allentown,PA,70267,USA,1216,100600,157,HI618861,02/06/2021,35152.12,1216,Patterson,Steve,x4334,spatterson@classicmodelcars.com,2,1143,Sales Rep
157,Diecast Classics Inc.,Leong,Kelvin,2155551555,7586 Pompton St.,,Allentown,PA,70267,USA,1216,100600,157,NN711988,21/03/2021,63357.13,1216,Patterson,Steve,x4334,spatterson@classicmodelcars.com,2,1143,Sales Rep
161,Technics Stores Inc.,Hashimoto,Juri,6505556809,9408 Furth Circle,,Burlingame,CA,94217,USA,1165,84600,161,BR352384,28/05/2021,2434.25,1165,Jennings,Leslie,x3291,ljennings@classicmodelcars.com,1,1143,Sales Rep
161,Technics Stores Inc.,Hashimoto,Juri,6505556809,9408 Furth Circle,,Burlingame,CA,94217,USA,1165,84600,161,BR478494,31/05/2020,50743.65,1165,Jennings,Leslie,x3291,ljennings@classicmodelcars.com,1,1143,Sales Rep
161,Technics Stores Inc.,Hashimoto,Juri,6505556809,9408 Furth Circle,,Burlingame,CA,94217,USA,1165,84600,161,KG644125,16/08/2021,12692.19,1165,Jennings,Leslie,x3291,ljennings@classicmodelcars.com,1,1143,Sales Rep
161,Technics Stores Inc.,Hashimoto,Juri,6505556809,9408 Furth Circle,,Burlingame,CA,94217,USA,1165,84600,161,NI908214,16/02/2020,38675.13,1165,Jennings,Leslie,x3291,ljennings@classicmodelcars.com,1,1143,Sales Rep
166,Handji Gifts& Co,Victorino,Wendy,+65 224 1555,106 Linden Road Sandown,2nd Floor,Singapore,,69045,Singapore,1612,97900,166,BQ327613,30/03/2021,38785.48,1612,Marsh,Peter,x102,pmarsh@classicmodelcars.com,6,1088,Sales Rep
166,Handji Gifts& Co,Victorino,Wendy,+65 224 1555,106 Linden Road Sandown,2nd Floor,Singapore,,69045,Singapore,1612,97900,166,DC979307,18/01/2021,44160.92,1612,Marsh,Peter,x102,pmarsh@classicmodelcars.com,6,1088,Sales Rep
166,Handji Gifts& Co,Victorino,Wendy,+65 224 1555,106 Linden Road Sandown,2nd Floor,Singapore,,69045,Singapore,1612,97900,166,LA318629,10/09/2020,22474.17,1612,Marsh,Peter,x102,pmarsh@classicmodelcars.com,6,1088,Sales Rep
167,Herkku Gifts,Oeztan,Veysel,+47 2267 3215,Brehmen St. 121,PR 334 Sentrum,Bergen,,N 5804,Norway  ,1504,96800,167,ED743615,02/04/2021,12538.01,1504,Jones,Barry,x102,bjones@classicmodelcars.com,7,1102,Sales Rep
167,Herkku Gifts,Oeztan,Veysel,+47 2267 3215,Brehmen St. 121,PR 334 Sentrum,Bergen,,N 5804,Norway  ,1504,96800,167,GN228846,15/06/2020,85024.46,1504,Jones,Barry,x102,bjones@classicmodelcars.com,7,1102,Sales Rep
171,Daedalus Designs Imports,Rancé,Martine ,20.16.1555,"184, chaussée de Tournai",,Lille,,59000,France,1370,82900,171,GB878038,26/09/2020,18997.89,1370,Hernandez,Gerard,x2028,ghernande@classicmodelcars.com,4,1102,Sales Rep
171,Daedalus Designs Imports,Rancé,Martine ,20.16.1555,"184, chaussée de Tournai",,Lille,,59000,France,1370,82900,171,IL104425,04/06/2020,42783.81,1370,Hernandez,Gerard,x2028,ghernande@classicmodelcars.com,4,1102,Sales Rep
172,"La Corne D'abondance, Co.",Bertrand,Marie,(1) 42.34.2555,"265, boulevard Charonne",,Paris,,75012,France,1337,84300,172,AD832091,23/03/2021,1960.8,1337,Bondur,Loui,x6493,lbondur@classicmodelcars.com,4,1102,Sales Rep
172,"La Corne D'abondance, Co.",Bertrand,Marie,(1) 42.34.2555,"265, boulevard Charonne",,Paris,,75012,France,1337,84300,172,CE51751,17/06/2021,51209.58,1337,Bondur,Loui,x6493,lbondur@classicmodelcars.com,4,1102,Sales Rep
172,"La Corne D'abondance, Co.",Bertrand,Marie,(1) 42.34.2555,"265, boulevard Charonne",,Paris,,75012,France,1337,84300,172,EH208589,01/11/2019,33383.14,1337,Bondur,Loui,x6493,lbondur@classicmodelcars.com,4,1102,Sales Rep
173,Cambridge Collectables Co.,Tseng,Jerry,6175555555,4658 Baden Av.,,Cambridge,MA,51247,USA,1188,43400,173,GP545698,24/11/2020,11843.45,1188,Firrelli,Julie,x2173,jfirrelli@classicmodelcars.com,2,1143,Sales Rep
173,Cambridge Collectables Co.,Tseng,Jerry,6175555555,4658 Baden Av.,,Cambridge,MA,51247,USA,1188,43400,173,IG462397,10/10/2020,20355.24,1188,Firrelli,Julie,x2173,jfirrelli@classicmodelcars.com,2,1143,Sales Rep
175,Gift Depot Inc.,King,Julie,2035552570,25593 South Bay Ln.,,Bridgewater,CT,97562,USA,1323,84300,175,IO448913,01/06/2020,24879.08,1323,Vanauf,George,x4102,gvanauf@classicmodelcars.com,3,1143,Sales Rep
175,Gift Depot Inc.,King,Julie,2035552570,25593 South Bay Ln.,,Bridgewater,CT,97562,USA,1323,84300,175,PI15215,21/01/2021,42044.77,1323,Vanauf,George,x4102,gvanauf@classicmodelcars.com,3,1143,Sales Rep
177,Osaka Souveniers Co.,Kentary,Mory,+81 06 6342 5555,1-6-20 Dojima,,Kita-ku,Osaka, 530-0003,Japan,1621,81200,177,AU750837,29/10/2020,15183.63,1621,Nishi,Mami,x101,mnishi@classicmodelcars.com,5,1056,Sales Rep
177,Osaka Souveniers Co.,Kentary,Mory,+81 06 6342 5555,1-6-20 Dojima,,Kita-ku,Osaka, 530-0003,Japan,1621,81200,177,CI381435,01/08/2020,47177.59,1621,Nishi,Mami,x101,mnishi@classicmodelcars.com,5,1056,Sales Rep
181,Vitachrome Inc.,Frick,Michael,2125551500,2678 Kingston Rd.,Suite 101,NYC,NY,10022,USA,1286,76400,181,CM564612,06/11/2020,22602.36,1286,Tseng,Foon Yue,x2248,ftseng@classicmodelcars.com,3,1143,Sales Rep
181,Vitachrome Inc.,Frick,Michael,2125551500,2678 Kingston Rd.,Suite 101,NYC,NY,10022,USA,1286,76400,181,GQ132144,13/08/2019,5494.78,1286,Tseng,Foon Yue,x2248,ftseng@classicmodelcars.com,3,1143,Sales Rep
181,Vitachrome Inc.,Frick,Michael,2125551500,2678 Kingston Rd.,Suite 101,NYC,NY,10022,USA,1286,76400,181,OH367219,30/05/2021,44400.5,1286,Tseng,Foon Yue,x2248,ftseng@classicmodelcars.com,3,1143,Sales Rep
186,"Toys of Finland, Co.",Karttunen,Matti,90-224 8555,Keskuskatu 45,,Helsinki,,21240,Finland,1501,96500,186,AK412714,09/05/2020,37602.48,1501,Bott,Larry,x2311,lbott@classicmodelcars.com,7,1102,Sales Rep
186,"Toys of Finland, Co.",Karttunen,Matti,90-224 8555,Keskuskatu 45,,Helsinki,,21240,Finland,1501,96500,186,KA602407,04/05/2021,34341.08,1501,Bott,Larry,x2311,lbott@classicmodelcars.com,7,1102,Sales Rep
187,"AV Stores, Co.",Ashworth,Rachel,(171) 555-1555,Fauntleroy Circus,,Manchester,,EC2 5NT,UK,1501,136800,187,AM968797,17/05/2021,52825.29,1501,Bott,Larry,x2311,lbott@classicmodelcars.com,7,1102,Sales Rep
187,"AV Stores, Co.",Ashworth,Rachel,(171) 555-1555,Fauntleroy Circus,,Manchester,,EC2 5NT,UK,1501,136800,187,BQ39062,21/06/2021,47159.11,1501,Bott,Larry,x2311,lbott@classicmodelcars.com,7,1102,Sales Rep
187,"AV Stores, Co.",Ashworth,Rachel,(171) 555-1555,Fauntleroy Circus,,Manchester,,EC2 5NT,UK,1501,136800,187,KL124726,08/10/2019,48425.69,1501,Bott,Larry,x2311,lbott@classicmodelcars.com,7,1102,Sales Rep
189,"Clover Collections, Co.",Cassidy,Dean,+353 1862 1555,25 Maiden Lane,Floor No. 4,Dublin,,2,Ireland,1504,69400,189,BO711618,16/04/2021,17359.53,1504,Jones,Barry,x102,bjones@classicmodelcars.com,7,1102,Sales Rep
189,"Clover Collections, Co.",Cassidy,Dean,+353 1862 1555,25 Maiden Lane,Floor No. 4,Dublin,,2,Ireland,1504,69400,189,NM916675,12/09/2020,32538.74,1504,Jones,Barry,x102,bjones@classicmodelcars.com,7,1102,Sales Rep
198,Auto-Moto Classics Inc.,Taylor,Leslie,6175558428,16780 Pompton St.,,Brickhaven,MA,58339,USA,1216,23000,198,FI192930,19/06/2021,9658.74,1216,Patterson,Steve,x4334,spatterson@classicmodelcars.com,2,1143,Sales Rep
198,Auto-Moto Classics Inc.,Taylor,Leslie,6175558428,16780 Pompton St.,,Brickhaven,MA,58339,USA,1216,23000,198,HQ920205,17/01/2020,6036.96,1216,Patterson,Steve,x4334,spatterson@classicmodelcars.com,2,1143,Sales Rep
198,Auto-Moto Classics Inc.,Taylor,Leslie,6175558428,16780 Pompton St.,,Brickhaven,MA,58339,USA,1216,23000,198,IS946883,04/04/2021,5858.56,1216,Patterson,Steve,x4334,spatterson@classicmodelcars.com,2,1143,Sales Rep
201,"UK Collectables, Ltd.",Devon,Elizabeth,(171) 555-2282,"12, Berkeley Gardens Blvd",,Liverpool,,WX1 6LT,UK,1501,92700,201,DP677013,02/05/2020,23908.24,1501,Bott,Larry,x2311,lbott@classicmodelcars.com,7,1102,Sales Rep
201,"UK Collectables, Ltd.",Devon,Elizabeth,(171) 555-2282,"12, Berkeley Gardens Blvd",,Liverpool,,WX1 6LT,UK,1501,92700,201,OO846801,27/12/2020,37258.94,1501,Bott,Larry,x2311,lbott@classicmodelcars.com,7,1102,Sales Rep
202,Canadian Gift Exchange Network,Tamuri,Yoshi ,(604) 555-3392,1900 Oak St.,,Vancouver,BC,V3F 2K1,Canada,1323,90300,202,HI358554,30/06/2020,36527.61,1323,Vanauf,George,x4102,gvanauf@classicmodelcars.com,3,1143,Sales Rep
202,Canadian Gift Exchange Network,Tamuri,Yoshi ,(604) 555-3392,1900 Oak St.,,Vancouver,BC,V3F 2K1,Canada,1323,90300,202,IQ627690,22/05/2021,33594.58,1323,Vanauf,George,x4102,gvanauf@classicmodelcars.com,3,1143,Sales Rep
204,Online Mini Collectables,Barajas,Miguel,6175557555,7635 Spinnaker Dr.,,Brickhaven,MA,58339,USA,1188,68700,204,GC697638,24/02/2021,51152.86,1188,Firrelli,Julie,x2173,jfirrelli@classicmodelcars.com,2,1143,Sales Rep
204,Online Mini Collectables,Barajas,Miguel,6175557555,7635 Spinnaker Dr.,,Brickhaven,MA,58339,USA,1188,68700,204,IS150005,07/04/2021,4424.4,1188,Firrelli,Julie,x2173,jfirrelli@classicmodelcars.com,2,1143,Sales Rep
205,Toys4GrownUps.com,Young,Julie,6265557265,78934 Hillside Dr.,,Pasadena,CA,90003,USA,1166,90700,205,GL756480,16/06/2020,3879.96,1166,Thompson,Leslie,x4065,lthompson@classicmodelcars.com,1,1143,Sales Rep
205,Toys4GrownUps.com,Young,Julie,6265557265,78934 Hillside Dr.,,Pasadena,CA,90003,USA,1166,90700,205,LL562733,18/03/2020,50342.74,1166,Thompson,Leslie,x4065,lthompson@classicmodelcars.com,1,1143,Sales Rep
205,Toys4GrownUps.com,Young,Julie,6265557265,78934 Hillside Dr.,,Pasadena,CA,90003,USA,1166,90700,205,NM739638,20/08/2021,39580.6,1166,Thompson,Leslie,x4065,lthompson@classicmodelcars.com,1,1143,Sales Rep
209,Mini Caravy,Citeaux,Frédérique ,88.60.1555,"24, place Kléber",,Strasbourg,,67000,France,1370,53800,209,ED520529,02/01/2021,4632.31,1370,Hernandez,Gerard,x2028,ghernande@classicmodelcars.com,4,1102,Sales Rep
209,Mini Caravy,Citeaux,Frédérique ,88.60.1555,"24, place Kléber",,Strasbourg,,67000,France,1370,53800,209,PH785937,15/11/2020,36069.26,1370,Hernandez,Gerard,x2028,ghernande@classicmodelcars.com,4,1102,Sales Rep
211,"King Kong Collectables, Co.",Gao,Mike,+852 2251 1555,Bank of China Tower,1 Garden Road,Central Hong Kong,,,Hong Kong,1621,58600,211,BJ535230,21/06/2020,45480.79,1621,Nishi,Mami,x101,mnishi@classicmodelcars.com,5,1056,Sales Rep
216,Enaco Distributors,Saavedra,Eduardo ,(93) 203 4555,"Rambla de Cataluña, 23",,Barcelona,,8022,Spain,1702,60300,216,BG407567,20/11/2019,3101.4,1702,Gerard,Martin,x2312,mgerard@classicmodelcars.com,4,1102,Sales Rep
216,Enaco Distributors,Saavedra,Eduardo ,(93) 203 4555,"Rambla de Cataluña, 23",,Barcelona,,8022,Spain,1702,60300,216,ML780814,19/06/2021,24945.21,1702,Gerard,Martin,x2312,mgerard@classicmodelcars.com,4,1102,Sales Rep
216,Enaco Distributors,Saavedra,Eduardo ,(93) 203 4555,"Rambla de Cataluña, 23",,Barcelona,,8022,Spain,1702,60300,216,MM342086,26/06/2020,40473.86,1702,Gerard,Martin,x2312,mgerard@classicmodelcars.com,4,1102,Sales Rep
219,Boards & Toys Co.,Young,Mary,3105552373,4097 Douglas Av.,,Glendale,CA,92561,USA,1166,11000,219,BR941480,30/04/2020,4465.85,1166,Thompson,Leslie,x4065,lthompson@classicmodelcars.com,1,1143,Sales Rep
227,Heintze Collectables,Ibsen,Palle,86 21 3555,Smagsloget 45,,Århus,,8200,Denmark,1401,120800,227,MQ413968,13/05/2020,36164.46,1401,Castillo,Pamela,x2759,pcastillo@classicmodelcars.com,4,1102,Sales Rep
227,Heintze Collectables,Ibsen,Palle,86 21 3555,Smagsloget 45,,Århus,,8200,Denmark,1401,120800,227,NU21326,16/05/2021,53745.34,1401,Castillo,Pamela,x2759,pcastillo@classicmodelcars.com,4,1102,Sales Rep
233,Québec Home Shopping Network,Fresnière,Jean ,(514) 555-8054,43 rue St. Laurent,,Montréal,Québec,H1J 1C3,Canada,1286,48700,233,II180006,12/01/2021,22997.45,1286,Tseng,Foon Yue,x2248,ftseng@classicmodelcars.com,3,1143,Sales Rep
233,Québec Home Shopping Network,Fresnière,Jean ,(514) 555-8054,43 rue St. Laurent,,Montréal,Québec,H1J 1C3,Canada,1286,48700,233,JG981190,31/05/2020,16909.84,1286,Tseng,Foon Yue,x2248,ftseng@classicmodelcars.com,3,1143,Sales Rep
239,Collectable Mini Designs Co.,Thompson,Valarie,7605558146,361 Furth Circle,,San Diego,CA,91217,USA,1166,105000,239,NQ865547,26/09/2020,80375.24,1166,Thompson,Leslie,x4065,lthompson@classicmodelcars.com,1,1143,Sales Rep
240,giftsbymail.co.uk,Bennett,Helen ,(198) 555-8888,Garden House,Crowther Way 23,Cowes,Isle of Wight,PO31 7PJ,UK,1501,93900,240,IF245157,30/05/2021,46788.14,1501,Bott,Larry,x2311,lbott@classicmodelcars.com,7,1102,Sales Rep
240,giftsbymail.co.uk,Bennett,Helen ,(198) 555-8888,Garden House,Crowther Way 23,Cowes,Isle of Wight,PO31 7PJ,UK,1501,93900,240,JO719695,09/10/2020,24995.61,1501,Bott,Larry,x2311,lbott@classicmodelcars.com,7,1102,Sales Rep
242,Alpha Cognac,Roulet,Annette ,61.77.6555,1 rue Alsace-Lorraine,,Toulouse,,31000,France,1370,61100,242,AF40894,04/06/2020,33818.34,1370,Hernandez,Gerard,x2028,ghernande@classicmodelcars.com,4,1102,Sales Rep
242,Alpha Cognac,Roulet,Annette ,61.77.6555,1 rue Alsace-Lorraine,,Toulouse,,31000,France,1370,61100,242,KI744716,01/02/2020,14232.7,1370,Hernandez,Gerard,x2028,ghernande@classicmodelcars.com,4,1102,Sales Rep
249,Amica Models & Co.,Accorti,Paolo ,011-4988555,Via Monte Bianco 34,,Torino,,10100,Italy,1401,113000,249,IJ399820,02/04/2021,33924.24,1401,Castillo,Pamela,x2759,pcastillo@classicmodelcars.com,4,1102,Sales Rep
249,Amica Models & Co.,Accorti,Paolo ,011-4988555,Via Monte Bianco 34,,Torino,,10100,Italy,1401,113000,249,NE404084,18/03/2021,48298.99,1401,Castillo,Pamela,x2759,pcastillo@classicmodelcars.com,4,1102,Sales Rep
250,Lyon Souveniers,Da Silva,Daniel,+33 1 46 62 7555,27 rue du Colonel Pierre Avia,,Paris,,75508,France,1337,68100,250,HD284647,13/07/2021,26311.63,1337,Bondur,Loui,x6493,lbondur@classicmodelcars.com,4,1102,Sales Rep
250,Lyon Souveniers,Da Silva,Daniel,+33 1 46 62 7555,27 rue du Colonel Pierre Avia,,Paris,,75508,France,1337,68100,250,HN114306,29/01/2020,23419.47,1337,Bondur,Loui,x6493,lbondur@classicmodelcars.com,4,1102,Sales Rep
256,Auto Associés & Cie.,Tonini,Daniel ,30.59.8555,"67, avenue de l'Europe",,Versailles,,78000,France,1370,77900,256,EP227123,23/08/2020,5759.42,1370,Hernandez,Gerard,x2028,ghernande@classicmodelcars.com,4,1102,Sales Rep
256,Auto Associés & Cie.,Tonini,Daniel ,30.59.8555,"67, avenue de l'Europe",,Versailles,,78000,France,1370,77900,256,HE84936,05/05/2021,53116.99,1370,Hernandez,Gerard,x2028,ghernande@classicmodelcars.com,4,1102,Sales Rep
259,"Toms Spezialitäten, Ltd",Pfalzheim,Henriette ,0221-5554327,Mehrheimerstr. 369,,Köln,,50739,Germany,1504,120400,259,EU280955,20/05/2021,61234.67,1504,Jones,Barry,x102,bjones@classicmodelcars.com,7,1102,Sales Rep
259,"Toms Spezialitäten, Ltd",Pfalzheim,Henriette ,0221-5554327,Mehrheimerstr. 369,,Köln,,50739,Germany,1504,120400,259,GB361972,19/06/2020,27988.47,1504,Jones,Barry,x102,bjones@classicmodelcars.com,7,1102,Sales Rep
260,"Royal Canadian Collectables, Ltd.",Lincoln,Elizabeth ,(604) 555-4555,23 Tsawassen Blvd.,,Tsawassen,BC,T2F 8M4,Canada,1323,89600,260,IO164641,13/03/2021,37527.58,1323,Vanauf,George,x4102,gvanauf@classicmodelcars.com,3,1143,Sales Rep
260,"Royal Canadian Collectables, Ltd.",Lincoln,Elizabeth ,(604) 555-4555,23 Tsawassen Blvd.,,Tsawassen,BC,T2F 8M4,Canada,1323,89600,260,NH776924,05/11/2020,29284.42,1323,Vanauf,George,x4102,gvanauf@classicmodelcars.com,3,1143,Sales Rep
276,"Anna's Decorations, Ltd",O'Hara,Anna,02 9936 8555,201 Miller Street,Level 15,North Sydney,NSW,2060,Australia,1611,107800,276,EM979878,23/08/2021,27083.78,1611,Fixter,Andy,x101,afixter@classicmodelcars.com,6,1088,Sales Rep
276,"Anna's Decorations, Ltd",O'Hara,Anna,02 9936 8555,201 Miller Street,Level 15,North Sydney,NSW,2060,Australia,1611,107800,276,KM841847,26/05/2020,38547.19,1611,Fixter,Andy,x101,afixter@classicmodelcars.com,6,1088,Sales Rep
276,"Anna's Decorations, Ltd",O'Hara,Anna,02 9936 8555,201 Miller Street,Level 15,North Sydney,NSW,2060,Australia,1611,107800,276,LE432182,10/04/2020,41554.73,1611,Fixter,Andy,x101,afixter@classicmodelcars.com,6,1088,Sales Rep
278,Rovelli Gifts,Rovelli,Giovanni ,035-640555,Via Ludovico il Moro 22,,Bergamo,,24100,Italy,1401,119600,278,BJ483870,18/06/2021,37654.09,1401,Castillo,Pamela,x2759,pcastillo@classicmodelcars.com,4,1102,Sales Rep
278,Rovelli Gifts,Rovelli,Giovanni ,035-640555,Via Ludovico il Moro 22,,Bergamo,,24100,Italy,1401,119600,278,GP636783,13/09/2019,52151.81,1401,Castillo,Pamela,x2759,pcastillo@classicmodelcars.com,4,1102,Sales Rep
278,Rovelli Gifts,Rovelli,Giovanni ,035-640555,Via Ludovico il Moro 22,,Bergamo,,24100,Italy,1401,119600,278,NI983021,06/06/2020,37723.79,1401,Castillo,Pamela,x2759,pcastillo@classicmodelcars.com,4,1102,Sales Rep
282,Souveniers And Things Co.,Huxley,Adrian,+61 2 9495 8555,Monitor Money Building,815 Pacific Hwy,Chatswood,NSW,2067,Australia,1611,93300,282,IA793562,14/02/2020,24013.52,1611,Fixter,Andy,x101,afixter@classicmodelcars.com,6,1088,Sales Rep
282,Souveniers And Things Co.,Huxley,Adrian,+61 2 9495 8555,Monitor Money Building,815 Pacific Hwy,Chatswood,NSW,2067,Australia,1611,93300,282,JT819493,13/02/2021,35806.73,1611,Fixter,Andy,x101,afixter@classicmodelcars.com,6,1088,Sales Rep
282,Souveniers And Things Co.,Huxley,Adrian,+61 2 9495 8555,Monitor Money Building,815 Pacific Hwy,Chatswood,NSW,2067,Australia,1611,93300,282,OD327378,17/07/2021,31835.36,1611,Fixter,Andy,x101,afixter@classicmodelcars.com,6,1088,Sales Rep
286,Marta's Replicas Co.,Hernandez,Marta,6175558555,39323 Spinnaker Dr.,,Cambridge,MA,51247,USA,1216,123700,286,DR578578,11/05/2021,47411.33,1216,Patterson,Steve,x4334,spatterson@classicmodelcars.com,2,1143,Sales Rep
286,Marta's Replicas Co.,Hernandez,Marta,6175558555,39323 Spinnaker Dr.,,Cambridge,MA,51247,USA,1216,123700,286,KH910279,19/03/2021,43134.04,1216,Patterson,Steve,x4334,spatterson@classicmodelcars.com,2,1143,Sales Rep
298,"Vida Sport, Ltd",Holz,Mihael,0897-034555,Grenzacherweg 237,,Genève,,1203,Switzerland,1702,141300,298,AJ574927,24/09/2020,47375.92,1702,Gerard,Martin,x2312,mgerard@classicmodelcars.com,4,1102,Sales Rep
298,"Vida Sport, Ltd",Holz,Mihael,0897-034555,Grenzacherweg 237,,Genève,,1203,Switzerland,1702,141300,298,LF501133,01/04/2021,61402,1702,Gerard,Martin,x2312,mgerard@classicmodelcars.com,4,1102,Sales Rep
299,"Norway Gifts By Mail, Co.",Klaeboe,Jan,+47 2212 1555,Drammensveien 126A,PB 211 Sentrum,Oslo,,N 0106,Norway  ,1504,95100,299,AD304085,06/05/2020,36798.88,1504,Jones,Barry,x102,bjones@classicmodelcars.com,7,1102,Sales Rep
299,"Norway Gifts By Mail, Co.",Klaeboe,Jan,+47 2212 1555,Drammensveien 126A,PB 211 Sentrum,Oslo,,N 0106,Norway  ,1504,95100,299,NR157385,19/03/2021,32260.16,1504,Jones,Barry,x102,bjones@classicmodelcars.com,7,1102,Sales Rep
311,"Oulu Toy Supplies, Inc.",Koskitalo,Pirkko,981-443655,Torikatu 38,,Oulu,,90110,Finland,1501,90500,311,DG336041,29/08/2021,46770.52,1501,Bott,Larry,x2311,lbott@classicmodelcars.com,7,1102,Sales Rep
311,"Oulu Toy Supplies, Inc.",Koskitalo,Pirkko,981-443655,Torikatu 38,,Oulu,,90110,Finland,1501,90500,311,FA728475,18/04/2020,32723.04,1501,Bott,Larry,x2311,lbott@classicmodelcars.com,7,1102,Sales Rep
311,"Oulu Toy Supplies, Inc.",Koskitalo,Pirkko,981-443655,Torikatu 38,,Oulu,,90110,Finland,1501,90500,311,NQ966143,06/11/2020,16212.59,1501,Bott,Larry,x2311,lbott@classicmodelcars.com,7,1102,Sales Rep
314,Petit Auto,Dewey,Catherine ,(02) 5554 67,Rue Joseph-Bens 532,,Bruxelles,,B-1180,Belgium,1401,79900,314,LQ244073,20/02/2021,45352.47,1401,Castillo,Pamela,x2759,pcastillo@classicmodelcars.com,4,1102,Sales Rep
314,Petit Auto,Dewey,Catherine ,(02) 5554 67,Rue Joseph-Bens 532,,Bruxelles,,B-1180,Belgium,1401,79900,314,MD809704,14/09/2020,16901.38,1401,Castillo,Pamela,x2759,pcastillo@classicmodelcars.com,4,1102,Sales Rep
319,Mini Classics,Frick,Steve,9145554562,3758 North Pendale Street,,White Plains,NY,24067,USA,1323,102700,319,HL685576,20/05/2021,42339.76,1323,Vanauf,George,x4102,gvanauf@classicmodelcars.com,3,1143,Sales Rep
319,Mini Classics,Frick,Steve,9145554562,3758 North Pendale Street,,White Plains,NY,24067,USA,1323,102700,319,OM548174,19/06/2020,36092.4,1323,Vanauf,George,x4102,gvanauf@classicmodelcars.com,3,1143,Sales Rep
320,Mini Creations Ltd.,Huang,Wing,5085559555,4575 Hillside Dr.,,New Bedford,MA,50553,USA,1188,94500,320,GJ597719,01/08/2021,8307.28,1188,Firrelli,Julie,x2173,jfirrelli@classicmodelcars.com,2,1143,Sales Rep
320,Mini Creations Ltd.,Huang,Wing,5085559555,4575 Hillside Dr.,,New Bedford,MA,50553,USA,1188,94500,320,HO576374,02/03/2020,41016.75,1188,Firrelli,Julie,x2173,jfirrelli@classicmodelcars.com,2,1143,Sales Rep
320,Mini Creations Ltd.,Huang,Wing,5085559555,4575 Hillside Dr.,,New Bedford,MA,50553,USA,1188,94500,320,MU817160,06/06/2020,52548.49,1188,Firrelli,Julie,x2173,jfirrelli@classicmodelcars.com,2,1143,Sales Rep
321,Corporate Gift Ideas Co.,Brown,Julie,6505551386,7734 Strong St.,,San Francisco,CA,94217,USA,1165,105000,321,DJ15149,16/05/2020,85559.12,1165,Jennings,Leslie,x3291,ljennings@classicmodelcars.com,1,1143,Sales Rep
323,"Down Under Souveniers, Inc",Graham,Mike,+64 9 312 5555,162-164 Grafton Road,Level 2,Auckland  ,,,New Zealand,1612,88000,323,ES347491,05/01/2021,37281.36,1612,Marsh,Peter,x102,pmarsh@classicmodelcars.com,6,1088,Sales Rep
323,"Down Under Souveniers, Inc",Graham,Mike,+64 9 312 5555,162-164 Grafton Road,Level 2,Auckland  ,,,New Zealand,1612,88000,323,HG738664,16/01/2020,2880,1612,Marsh,Peter,x102,pmarsh@classicmodelcars.com,6,1088,Sales Rep
323,"Down Under Souveniers, Inc",Graham,Mike,+64 9 312 5555,162-164 Grafton Road,Level 2,Auckland  ,,,New Zealand,1612,88000,323,PQ803830,07/07/2021,39440.59,1612,Marsh,Peter,x102,pmarsh@classicmodelcars.com,6,1088,Sales Rep
324,"Stylish Desk Decors, Co.",Brown,Ann ,(171) 555-0297,35 King George,,London,,WX3 6FW,UK,1501,77000,324,DQ409197,26/06/2021,13671.82,1501,Bott,Larry,x2311,lbott@classicmodelcars.com,7,1102,Sales Rep
324,"Stylish Desk Decors, Co.",Brown,Ann ,(171) 555-0297,35 King George,,London,,WX3 6FW,UK,1501,77000,324,FP443161,18/01/2020,29429.14,1501,Bott,Larry,x2311,lbott@classicmodelcars.com,7,1102,Sales Rep
324,"Stylish Desk Decors, Co.",Brown,Ann ,(171) 555-0297,35 King George,,London,,WX3 6FW,UK,1501,77000,324,HB150714,05/06/2020,37455.77,1501,Bott,Larry,x2311,lbott@classicmodelcars.com,7,1102,Sales Rep
328,Tekni Collectables Inc.,Brown,William,2015559350,7476 Moss Rd.,,Newark,NJ,94019,USA,1323,43000,328,EN930356,28/10/2020,7178.66,1323,Vanauf,George,x4102,gvanauf@classicmodelcars.com,3,1143,Sales Rep
328,Tekni Collectables Inc.,Brown,William,2015559350,7476 Moss Rd.,,Newark,NJ,94019,USA,1323,43000,328,NR631421,11/12/2020,31102.85,1323,Vanauf,George,x4102,gvanauf@classicmodelcars.com,3,1143,Sales Rep
333,"Australian Gift Network, Co",Calaghan,Ben,61-7-3844-6555,31 Duncan St. West End,,South Brisbane,Queensland,4101,Australia,1611,51600,333,HL209210,28/05/2020,23936.53,1611,Fixter,Andy,x101,afixter@classicmodelcars.com,6,1088,Sales Rep
333,"Australian Gift Network, Co",Calaghan,Ben,61-7-3844-6555,31 Duncan St. West End,,South Brisbane,Queensland,4101,Australia,1611,51600,333,JK479662,29/04/2020,9821.32,1611,Fixter,Andy,x101,afixter@classicmodelcars.com,6,1088,Sales Rep
334,Suominen Souveniers,Suominen,Kalle,+358 9 8045 555,Software Engineering Center,SEC Oy,Espoo,,FIN-02271,Finland,1501,98800,334,CS435306,10/08/2021,45785.34,1501,Bott,Larry,x2311,lbott@classicmodelcars.com,7,1102,Sales Rep
334,Suominen Souveniers,Suominen,Kalle,+358 9 8045 555,Software Engineering Center,SEC Oy,Espoo,,FIN-02271,Finland,1501,98800,334,HH517378,27/02/2020,29716.86,1501,Bott,Larry,x2311,lbott@classicmodelcars.com,7,1102,Sales Rep
334,Suominen Souveniers,Suominen,Kalle,+358 9 8045 555,Software Engineering Center,SEC Oy,Espoo,,FIN-02271,Finland,1501,98800,334,LF737277,03/12/2020,28394.54,1501,Bott,Larry,x2311,lbott@classicmodelcars.com,7,1102,Sales Rep
339,"Classic Gift Ideas, Inc",Cervantes,Francisca,2155554695,782 First Street,,Philadelphia,PA,71270,USA,1188,81100,339,AP286625,07/05/2021,23333.06,1188,Firrelli,Julie,x2173,jfirrelli@classicmodelcars.com,2,1143,Sales Rep
339,"Classic Gift Ideas, Inc",Cervantes,Francisca,2155554695,782 First Street,,Philadelphia,PA,71270,USA,1188,81100,339,DA98827,10/06/2020,34606.28,1188,Firrelli,Julie,x2173,jfirrelli@classicmodelcars.com,2,1143,Sales Rep
344,CAF Imports,Fernandez,Jesus,+34 913 728 555,Merchants House,27-30 Merchant's Quay,Madrid,,28023,Spain,1702,59600,344,AF246722,06/06/2020,31428.21,1702,Gerard,Martin,x2312,mgerard@classicmodelcars.com,4,1102,Sales Rep
344,CAF Imports,Fernandez,Jesus,+34 913 728 555,Merchants House,27-30 Merchant's Quay,Madrid,,28023,Spain,1702,59600,344,NJ906924,14/10/2020,15322.93,1702,Gerard,Martin,x2312,mgerard@classicmodelcars.com,4,1102,Sales Rep
347,"Men 'R' US Retailers, Ltd.",Chandler,Brian,2155554369,6047 Douglas Av.,,Los Angeles,CA,91003,USA,1166,57700,347,DG700707,31/07/2020,21053.69,1166,Thompson,Leslie,x4065,lthompson@classicmodelcars.com,1,1143,Sales Rep
347,"Men 'R' US Retailers, Ltd.",Chandler,Brian,2155554369,6047 Douglas Av.,,Los Angeles,CA,91003,USA,1166,57700,347,LG808674,06/05/2020,20452.5,1166,Thompson,Leslie,x4065,lthompson@classicmodelcars.com,1,1143,Sales Rep
350,Marseille Mini Autos,Lebihan,Laurence ,91.24.4555,"12, rue des Bouchers",,Marseille,,13008,France,1337,65000,350,BQ602907,24/06/2021,18888.31,1337,Bondur,Loui,x6493,lbondur@classicmodelcars.com,4,1102,Sales Rep
350,Marseille Mini Autos,Lebihan,Laurence ,91.24.4555,"12, rue des Bouchers",,Marseille,,13008,France,1337,65000,350,CI471510,06/12/2019,50824.66,1337,Bondur,Loui,x6493,lbondur@classicmodelcars.com,4,1102,Sales Rep
350,Marseille Mini Autos,Lebihan,Laurence ,91.24.4555,"12, rue des Bouchers",,Marseille,,13008,France,1337,65000,350,OB648482,12/08/2021,1834.56,1337,Bondur,Loui,x6493,lbondur@classicmodelcars.com,4,1102,Sales Rep
353,Reims Collectables,Henriot,Paul ,26.47.1555,59 rue de l'Abbaye,,Reims,,51100,France,1337,81100,353,CO351193,24/07/2021,49705.52,1337,Bondur,Loui,x6493,lbondur@classicmodelcars.com,4,1102,Sales Rep
353,Reims Collectables,Henriot,Paul ,26.47.1555,59 rue de l'Abbaye,,Reims,,51100,France,1337,81100,353,ED878227,01/02/2020,13920.26,1337,Bondur,Loui,x6493,lbondur@classicmodelcars.com,4,1102,Sales Rep
353,Reims Collectables,Henriot,Paul ,26.47.1555,59 rue de l'Abbaye,,Reims,,51100,France,1337,81100,353,GT878649,02/12/2019,16700.47,1337,Bondur,Loui,x6493,lbondur@classicmodelcars.com,4,1102,Sales Rep
357,GiftsForHim.com,MacKinlay,Wales,64-9-3763555,199 Great North Road,,Auckland,,,New Zealand,1612,77700,357,AG240323,28/06/2020,20220.04,1612,Marsh,Peter,x102,pmarsh@classicmodelcars.com,6,1088,Sales Rep
357,GiftsForHim.com,MacKinlay,Wales,64-9-3763555,199 Great North Road,,Auckland,,,New Zealand,1612,77700,357,NB291497,26/11/2020,36442.34,1612,Marsh,Peter,x102,pmarsh@classicmodelcars.com,6,1088,Sales Rep
362,Gifts4AllAges.com,Yoshido,Juri,6175559555,8616 Spinnaker Dr.,,Boston,MA,51003,USA,1216,41900,362,FP170292,22/01/2021,18473.71,1216,Patterson,Steve,x4334,spatterson@classicmodelcars.com,2,1143,Sales Rep
362,Gifts4AllAges.com,Yoshido,Juri,6175559555,8616 Spinnaker Dr.,,Boston,MA,51003,USA,1216,41900,362,OG208861,04/04/2021,15059.76,1216,Patterson,Steve,x4334,spatterson@classicmodelcars.com,2,1143,Sales Rep
363,Online Diecast Creations Co.,Young,Dorothy,6035558647,2304 Long Airport Avenue,,Nashua,NH,62005,USA,1216,114200,363,HL575273,31/05/2021,50799.69,1216,Patterson,Steve,x4334,spatterson@classicmodelcars.com,2,1143,Sales Rep
363,Online Diecast Creations Co.,Young,Dorothy,6035558647,2304 Long Airport Avenue,,Nashua,NH,62005,USA,1216,114200,363,IS232033,30/07/2019,10223.83,1216,Patterson,Steve,x4334,spatterson@classicmodelcars.com,2,1143,Sales Rep
363,Online Diecast Creations Co.,Young,Dorothy,6035558647,2304 Long Airport Avenue,,Nashua,NH,62005,USA,1216,114200,363,PN238558,17/06/2020,55425.77,1216,Patterson,Steve,x4334,spatterson@classicmodelcars.com,2,1143,Sales Rep
379,Collectables For Less Inc.,Nelson,Allen,6175558555,7825 Douglas Av.,,Brickhaven,MA,58339,USA,1188,70700,379,CA762595,26/08/2021,28322.83,1188,Firrelli,Julie,x2173,jfirrelli@classicmodelcars.com,2,1143,Sales Rep
379,Collectables For Less Inc.,Nelson,Allen,6175558555,7825 Douglas Av.,,Brickhaven,MA,58339,USA,1188,70700,379,FR499138,29/03/2020,32680.31,1188,Firrelli,Julie,x2173,jfirrelli@classicmodelcars.com,2,1143,Sales Rep
379,Collectables For Less Inc.,Nelson,Allen,6175558555,7825 Douglas Av.,,Brickhaven,MA,58339,USA,1188,70700,379,GB890854,13/02/2021,12530.51,1188,Firrelli,Julie,x2173,jfirrelli@classicmodelcars.com,2,1143,Sales Rep
381,Royale Belge,Cartrain,Pascale ,(071) 23 67 2555,"Boulevard Tirou, 255",,Charleroi,,B-6000,Belgium,1401,23500,381,BC726082,16/06/2021,12081.52,1401,Castillo,Pamela,x2759,pcastillo@classicmodelcars.com,4,1102,Sales Rep
381,Royale Belge,Cartrain,Pascale ,(071) 23 67 2555,"Boulevard Tirou, 255",,Charleroi,,B-6000,Belgium,1401,23500,381,CC475233,31/10/2019,1627.56,1401,Castillo,Pamela,x2759,pcastillo@classicmodelcars.com,4,1102,Sales Rep
381,Royale Belge,Cartrain,Pascale ,(071) 23 67 2555,"Boulevard Tirou, 255",,Charleroi,,B-6000,Belgium,1401,23500,381,GB117430,17/08/2021,14379.9,1401,Castillo,Pamela,x2759,pcastillo@classicmodelcars.com,4,1102,Sales Rep
381,Royale Belge,Cartrain,Pascale ,(071) 23 67 2555,"Boulevard Tirou, 255",,Charleroi,,B-6000,Belgium,1401,23500,381,MS154481,04/03/2020,1128.2,1401,Castillo,Pamela,x2759,pcastillo@classicmodelcars.com,4,1102,Sales Rep
382,Salzburg Collectables,Pipps,Georg ,6562-9555,Geislweg 14,,Salzburg,,5020,Austria,1401,71700,382,CC871084,23/11/2019,35826.33,1401,Castillo,Pamela,x2759,pcastillo@classicmodelcars.com,4,1102,Sales Rep
382,Salzburg Collectables,Pipps,Georg ,6562-9555,Geislweg 14,,Salzburg,,5020,Austria,1401,71700,382,CT821147,12/02/2021,6419.84,1401,Castillo,Pamela,x2759,pcastillo@classicmodelcars.com,4,1102,Sales Rep
382,Salzburg Collectables,Pipps,Georg ,6562-9555,Geislweg 14,,Salzburg,,5020,Austria,1401,71700,382,PH29054,10/06/2021,42813.83,1401,Castillo,Pamela,x2759,pcastillo@classicmodelcars.com,4,1102,Sales Rep
385,Cruz & Sons Co.,Cruz,Arnold,+63 2 555 3587,15 McCallum Street,NatWest Center #13-03,Makati City,,1227 MM,Philippines,1621,81500,385,BN347084,14/06/2020,20644.24,1621,Nishi,Mami,x101,mnishi@classicmodelcars.com,5,1056,Sales Rep
385,Cruz & Sons Co.,Cruz,Arnold,+63 2 555 3587,15 McCallum Street,NatWest Center #13-03,Makati City,,1227 MM,Philippines,1621,81500,385,CP804873,02/06/2021,15822.84,1621,Nishi,Mami,x101,mnishi@classicmodelcars.com,5,1056,Sales Rep
385,Cruz & Sons Co.,Cruz,Arnold,+63 2 555 3587,15 McCallum Street,NatWest Center #13-03,Makati City,,1227 MM,Philippines,1621,81500,385,EK785462,20/09/2019,51001.22,1621,Nishi,Mami,x101,mnishi@classicmodelcars.com,5,1056,Sales Rep
386,L'ordine Souveniers,Moroni,Maurizio ,0522-556555,Strada Provinciale 124,,Reggio Emilia,,42100,Italy,1401,121400,386,DO106109,31/05/2020,38524.29,1401,Castillo,Pamela,x2759,pcastillo@classicmodelcars.com,4,1102,Sales Rep
386,L'ordine Souveniers,Moroni,Maurizio ,0522-556555,Strada Provinciale 124,,Reggio Emilia,,42100,Italy,1401,121400,386,HG438769,29/01/2021,51619.02,1401,Castillo,Pamela,x2759,pcastillo@classicmodelcars.com,4,1102,Sales Rep
398,"Tokyo Collectables, Ltd",Shimamura,Akiko,+81 3 3584 0555,2-2-8 Roppongi,,Minato-ku,Tokyo,106-0032,Japan,1621,94400,398,AJ478695,28/08/2021,33967.73,1621,Nishi,Mami,x101,mnishi@classicmodelcars.com,5,1056,Sales Rep
398,"Tokyo Collectables, Ltd",Shimamura,Akiko,+81 3 3584 0555,2-2-8 Roppongi,,Minato-ku,Tokyo,106-0032,Japan,1621,94400,398,DO787644,02/01/2021,22037.91,1621,Nishi,Mami,x101,mnishi@classicmodelcars.com,5,1056,Sales Rep
398,"Tokyo Collectables, Ltd",Shimamura,Akiko,+81 3 3584 0555,2-2-8 Roppongi,,Minato-ku,Tokyo,106-0032,Japan,1621,94400,398,KB54275,12/06/2021,48927.64,1621,Nishi,Mami,x101,mnishi@classicmodelcars.com,5,1056,Sales Rep
406,Auto Canal+ Petit,Perrier,Dominique,(1) 47.55.6555,"25, rue Lauriston",,Paris,,75016,France,1337,95000,406,HJ217687,10/08/2020,49165.16,1337,Bondur,Loui,x6493,lbondur@classicmodelcars.com,4,1102,Sales Rep
406,Auto Canal+ Petit,Perrier,Dominique,(1) 47.55.6555,"25, rue Lauriston",,Paris,,75016,France,1337,95000,406,NA197101,29/12/2020,25080.96,1337,Bondur,Loui,x6493,lbondur@classicmodelcars.com,4,1102,Sales Rep
412,"Extreme Desk Decorations, Ltd",McRoy,Sarah,04 499 9555,101 Lambton Quay,Level 11,Wellington,,,New Zealand,1612,86800,412,GH197075,05/02/2021,35034.57,1612,Marsh,Peter,x102,pmarsh@classicmodelcars.com,6,1088,Sales Rep
412,"Extreme Desk Decorations, Ltd",McRoy,Sarah,04 499 9555,101 Lambton Quay,Level 11,Wellington,,,New Zealand,1612,86800,412,PJ434867,26/10/2020,31670.37,1612,Marsh,Peter,x102,pmarsh@classicmodelcars.com,6,1088,Sales Rep
415,"Bavarian Collectables Imports, Co.",Donnermeyer,Michael, +49 89 61 08 9555,Hansastr. 15,,Munich,,80686,Germany,1504,77000,415,ER54537,11/04/2021,31310.09,1504,Jones,Barry,x102,bjones@classicmodelcars.com,7,1102,Sales Rep
424,Classic Legends Inc.,Hernandez,Maria,2125558493,5905 Pompton St.,Suite 750,NYC,NY,10022,USA,1286,67500,424,KF480160,20/06/2021,25505.98,1286,Tseng,Foon Yue,x2248,ftseng@classicmodelcars.com,3,1143,Sales Rep
424,Classic Legends Inc.,Hernandez,Maria,2125558493,5905 Pompton St.,Suite 750,NYC,NY,10022,USA,1286,67500,424,LM271923,28/10/2019,21665.98,1286,Tseng,Foon Yue,x2248,ftseng@classicmodelcars.com,3,1143,Sales Rep
424,Classic Legends Inc.,Hernandez,Maria,2125558493,5905 Pompton St.,Suite 750,NYC,NY,10022,USA,1286,67500,424,OA595449,13/05/2020,22042.37,1286,Tseng,Foon Yue,x2248,ftseng@classicmodelcars.com,3,1143,Sales Rep
447,Gift Ideas Corp.,Lewis,Dan,2035554407,2440 Pompton St.,,Glendale,CT,97561,USA,1323,49700,447,AO757239,28/03/2020,6631.36,1323,Vanauf,George,x4102,gvanauf@classicmodelcars.com,3,1143,Sales Rep
447,Gift Ideas Corp.,Lewis,Dan,2035554407,2440 Pompton St.,,Glendale,CT,97561,USA,1323,49700,447,ER615123,06/01/2020,17032.29,1323,Vanauf,George,x4102,gvanauf@classicmodelcars.com,3,1143,Sales Rep
447,Gift Ideas Corp.,Lewis,Dan,2035554407,2440 Pompton St.,,Glendale,CT,97561,USA,1323,49700,447,OU516561,30/06/2021,26304.13,1323,Vanauf,George,x4102,gvanauf@classicmodelcars.com,3,1143,Sales Rep
448,Scandinavian Gift Ideas,Larsson,Martha,0695-34 6555,Åkergatan 24,,Bräcke,,S-844 67,Sweden,1504,116400,448,KR822727,13/04/2021,48809.9,1504,Jones,Barry,x102,bjones@classicmodelcars.com,7,1102,Sales Rep
450,The Sharp Gifts Warehouse,Frick,Sue,4085553659,3086 Ingle Ln.,,San Jose,CA,94217,USA,1165,77600,450,EF485824,02/01/2021,59551.38,1165,Jennings,Leslie,x3291,ljennings@classicmodelcars.com,1,1143,Sales Rep
452,Mini Auto Werke,Mendel,Roland ,7675-3555,Kirchgasse 6,,Graz,,8010,Austria,1401,45300,452,ED473873,28/05/2020,27121.9,1401,Castillo,Pamela,x2759,pcastillo@classicmodelcars.com,4,1102,Sales Rep
452,Mini Auto Werke,Mendel,Roland ,7675-3555,Kirchgasse 6,,Graz,,8010,Austria,1401,45300,452,FN640986,02/06/2020,15130.97,1401,Castillo,Pamela,x2759,pcastillo@classicmodelcars.com,4,1102,Sales Rep
455,Super Scale Inc.,Murphy,Leslie,2035559545,567 North Pendale Street,,New Haven,CT,97823,USA,1286,95400,455,HA777606,17/06/2020,38139.18,1286,Tseng,Foon Yue,x2248,ftseng@classicmodelcars.com,3,1143,Sales Rep
455,Super Scale Inc.,Murphy,Leslie,2035559545,567 North Pendale Street,,New Haven,CT,97823,USA,1286,95400,455,IR662429,23/11/2020,32239.47,1286,Tseng,Foon Yue,x2248,ftseng@classicmodelcars.com,3,1143,Sales Rep
456,Microscale Inc.,Choi,Yu,2125551957,5290 North Pendale Street,Suite 200,NYC,NY,10022,USA,1286,39800,456,GJ715659,27/05/2021,27550.51,1286,Tseng,Foon Yue,x2248,ftseng@classicmodelcars.com,3,1143,Sales Rep
456,Microscale Inc.,Choi,Yu,2125551957,5290 North Pendale Street,Suite 200,NYC,NY,10022,USA,1286,39800,456,MO743231,11/11/2020,1679.92,1286,Tseng,Foon Yue,x2248,ftseng@classicmodelcars.com,3,1143,Sales Rep
458,"Corrida Auto Replicas, Ltd",Sommer,Martín ,(91) 555 22 82,"C/ Araquil, 67",,Madrid,,28023,Spain,1702,104600,458,DD995006,29/05/2021,33145.56,1702,Gerard,Martin,x2312,mgerard@classicmodelcars.com,4,1102,Sales Rep
458,"Corrida Auto Replicas, Ltd",Sommer,Martín ,(91) 555 22 82,"C/ Araquil, 67",,Madrid,,28023,Spain,1702,104600,458,NA377824,19/08/2020,22162.61,1702,Gerard,Martin,x2312,mgerard@classicmodelcars.com,4,1102,Sales Rep
458,"Corrida Auto Replicas, Ltd",Sommer,Martín ,(91) 555 22 82,"C/ Araquil, 67",,Madrid,,28023,Spain,1702,104600,458,OO606861,25/12/2019,57131.92,1702,Gerard,Martin,x2312,mgerard@classicmodelcars.com,4,1102,Sales Rep
462,FunGiftIdeas.com,Benitez,Violeta,5085552555,1785 First Street,,New Bedford,MA,50553,USA,1216,85800,462,GC60330,21/05/2020,9977.85,1216,Patterson,Steve,x4334,spatterson@classicmodelcars.com,2,1143,Sales Rep
462,FunGiftIdeas.com,Benitez,Violeta,5085552555,1785 First Street,,New Bedford,MA,50553,USA,1216,85800,462,PE176846,10/06/2021,48355.87,1216,Patterson,Steve,x4334,spatterson@classicmodelcars.com,2,1143,Sales Rep
471,"Australian Collectables, Ltd",Clenahan,Sean,61-9-3844-6555,7 Allen Street,,Glen Waverly,Victoria,3150,Australia,1611,60300,471,AB661578,08/02/2021,9415.13,1611,Fixter,Andy,x101,afixter@classicmodelcars.com,6,1088,Sales Rep
471,"Australian Collectables, Ltd",Clenahan,Sean,61-9-3844-6555,7 Allen Street,,Glen Waverly,Victoria,3150,Australia,1611,60300,471,CO645196,22/06/2020,35505.63,1611,Fixter,Andy,x101,afixter@classicmodelcars.com,6,1088,Sales Rep
473,Frau da Collezione,Ricotti,Franco,+39 022515555,20093 Cologno Monzese,Alessandro Volta 16,Milan,,,Italy,1401,34800,473,LL427009,30/08/2020,7612.06,1401,Castillo,Pamela,x2759,pcastillo@classicmodelcars.com,4,1102,Sales Rep
473,Frau da Collezione,Ricotti,Franco,+39 022515555,20093 Cologno Monzese,Alessandro Volta 16,Milan,,,Italy,1401,34800,473,PC688499,09/05/2020,17746.26,1401,Castillo,Pamela,x2759,pcastillo@classicmodelcars.com,4,1102,Sales Rep
475,West Coast Collectables Co.,Thompson,Steve,3105553722,3675 Furth Circle,,Burbank,CA,94019,USA,1166,55400,475,JP113227,21/06/2020,7678.25,1166,Thompson,Leslie,x4065,lthompson@classicmodelcars.com,1,1143,Sales Rep
475,West Coast Collectables Co.,Thompson,Steve,3105553722,3675 Furth Circle,,Burbank,CA,94019,USA,1166,55400,475,PB951268,26/08/2020,36070.47,1166,Thompson,Leslie,x4065,lthompson@classicmodelcars.com,1,1143,Sales Rep
484,"Iberia Gift Imports, Corp.",Roel,José Pedro ,(95) 555 82 82,"C/ Romero, 33",,Sevilla,,41101,Spain,1702,65700,484,GK294076,09/05/2021,3474.66,1702,Gerard,Martin,x2312,mgerard@classicmodelcars.com,4,1102,Sales Rep
484,"Iberia Gift Imports, Corp.",Roel,José Pedro ,(95) 555 82 82,"C/ Romero, 33",,Sevilla,,41101,Spain,1702,65700,484,JH546765,11/06/2020,47513.19,1702,Gerard,Martin,x2312,mgerard@classicmodelcars.com,4,1102,Sales Rep
486,Motor Mint Distributors Inc.,Salazar,Rosa,2155559857,11328 Douglas Av.,,Philadelphia,PA,71270,USA,1323,72600,486,BL66528,26/10/2020,5899.38,1323,Vanauf,George,x4102,gvanauf@classicmodelcars.com,3,1143,Sales Rep
486,Motor Mint Distributors Inc.,Salazar,Rosa,2155559857,11328 Douglas Av.,,Philadelphia,PA,71270,USA,1323,72600,486,HS86661,06/06/2021,45994.07,1323,Vanauf,George,x4102,gvanauf@classicmodelcars.com,3,1143,Sales Rep
486,Motor Mint Distributors Inc.,Salazar,Rosa,2155559857,11328 Douglas Av.,,Philadelphia,PA,71270,USA,1323,72600,486,JB117768,01/10/2019,25833.14,1323,Vanauf,George,x4102,gvanauf@classicmodelcars.com,3,1143,Sales Rep
487,Signal Collectibles Ltd.,Taylor,Sue,4155554312,2793 Furth Circle,,Brisbane,CA,94217,USA,1165,60300,487,AH612904,10/04/2020,29997.09,1165,Jennings,Leslie,x3291,ljennings@classicmodelcars.com,1,1143,Sales Rep
487,Signal Collectibles Ltd.,Taylor,Sue,4155554312,2793 Furth Circle,,Brisbane,CA,94217,USA,1165,60300,487,PT550181,10/09/2020,12573.28,1165,Jennings,Leslie,x3291,ljennings@classicmodelcars.com,1,1143,Sales Rep
489,"Double Decker Gift Stores, Ltd",Smith,Thomas ,(171) 555-7555,120 Hanover Sq.,,London,,WA1 1DP,UK,1501,43300,489,OC773849,16/06/2020,22275.73,1501,Bott,Larry,x2311,lbott@classicmodelcars.com,7,1102,Sales Rep
489,"Double Decker Gift Stores, Ltd",Smith,Thomas ,(171) 555-7555,120 Hanover Sq.,,London,,WA1 1DP,UK,1501,43300,489,PO860906,13/08/2020,7310.42,1501,Bott,Larry,x2311,lbott@classicmodelcars.com,7,1102,Sales Rep
495,Diecast Collectables,Franco,Valarie,6175552555,6251 Ingle Ln.,,Boston,MA,51003,USA,1188,85100,495,BH167026,08/07/2020,59265.14,1188,Firrelli,Julie,x2173,jfirrelli@classicmodelcars.com,2,1143,Sales Rep
495,Diecast Collectables,Franco,Valarie,6175552555,6251 Ingle Ln.,,Boston,MA,51003,USA,1188,85100,495,FN155234,25/11/2020,6276.6,1188,Firrelli,Julie,x2173,jfirrelli@classicmodelcars.com,2,1143,Sales Rep
496,Kelly's Gift Shop,Snowden,Tony,+64 9 5555500,Arenales 1938 3'A',,Auckland  ,,,New Zealand,1612,110000,496,MB342426,27/01/2020,32077.44,1612,Marsh,Peter,x102,pmarsh@classicmodelcars.com,6,1088,Sales Rep
496,Kelly's Gift Shop,Snowden,Tony,+64 9 5555500,Arenales 1938 3'A',,Auckland  ,,,New Zealand,1612,110000,496,MN89921,14/07/2021,52166,1612,Marsh,Peter,x102,pmarsh@classicmodelcars.com,6,1088,Sales Rep
